﻿{
  "$schema": "http://adaptivecards.io/schemas/adaptive-card.json",
  "type": "AdaptiveCard",
  "version": "1.0",
  "body": [
    {
      "type": "Image",
      "url": "https://aka.ms/bf-welcome-card-image",
      "size": "stretch"
    },
    {
      "type": "TextBlock",
      "spacing": "medium",
      "size": "default",
      "weight": "bolder",
      "text": "Welcome to Bot Framework!",
      "wrap": true,
      "maxLines": 0
    },
    {
      "type": "TextBlock",
      "size": "default",
      "isSubtle": true,
      "text": "Welcome to Welcome Users bot sample! This Introduction card is a great way to introduce your Bot to the user and suggest some things to get them started. We use this opportunity to recommend a few next steps for learning more creating and deploying bots.",
      "wrap": true,
      "maxLines": 0
    }
  ],
  "actions": [
    {
      "type": "Action.OpenUrl",
      "title": "Get an overview",
      "url": "https://docs.microsoft.com/en-us/azure/bot-service/?view=azure-bot-service-4.0"
    },
    {
      "type": "Action.OpenUrl",
      "title": "Ask a question",
      "url": "https://stackoverflow.com/questions/tagged/botframework"
    },
    {
      "type": "Action.OpenUrl",
      "title": "Learn how to deploy",
      "url": "https://docs.microsoft.com/en-us/azure/bot-service/bot-builder-howto-deploy-azure?view=azure-bot-service-4.0"
    }
  ]
}