{
    "type": "AdaptiveCard",
    "horizontalAlignment": "Center",
    "separator": true,
    "height": "stretch",
    "body": [
        {
            "type": "ColumnSet",
            "horizontalAlignment": "Center",
            "spacing": "large",
            "height": "stretch",
            "columns": [
                {
                    "type": "Column",
                    "spacing": "large",
                    "items": [
                        {
                            "type": "TextBlock",
                            "size": "extraLarge",
                            "weight": "bolder",
                            "text": "Contoso Cafe"
                        },
                        {
                            "type": "TextBlock",
                            "size": "Medium",
                            "text": "Hello, I'm the Cafe bot! How can I be of help today?",
                            "wrap": true
                        }
                    ]
                },
                {
                    "type": "Column",
                    "spacing": "small",
                    "items": [
                        {
                            "type": "Image",
                            "horizontalAlignment": "center",
                            "url": "http://contosocafeontheweb.azurewebsites.net/assets/contoso_logo_black.png",
                            "size": "medium"
                        }
                    ],
                    "width": "auto"
                }
            ]
        }
    ],
    "actions": [
        {
            "type": "Action.Submit",
            "title": "Book table",
            "data": {
                "intent": "Book_Table"
            }
        },
        {
            "type": "Action.Submit",
            "title": "What can you do?",
            "data": {
                "intent": "What_can_you_do"
            }
        }
    ],
    "$schema": "http://adaptivecards.io/schemas/adaptive-card.json",
    "version": "1.0"
}